spec_id,spec_name,treated_isic4,treat_year,treated_pre_rmspe,treated_post_rmspe,treated_rmspe_ratio,treated_avg_post_gap,n_placebos,p_rmspe_ratio,p_avg_gap_pos,treated_unit,treated_n_donors,n_ratio_ge,n_avg_gap_ge,preferred_spec,conservative_spec
1,preferred_T2015_nested_full,2790,2015,.0150560940273064,.048451203543686,3.218046025470666,.0179302246054883,32,.3636363636363636,.2424242424242424,92,33,11,7,1,0
2,conservative_T2016_nested_full,2790,2016,.0165737753417156,.0563838279709246,3.401990603131233,.0446326312143562,32,.303030303030303,.0909090909090909,92,33,9,2,0,1
